﻿Designator,Quantity,Value,Footprint,Package,MPN,Mount_Type
", , , ",4,,RPi_Hat_Mounting_Hole,,,tht
C1,1,10uf,C_0805_2012Metric,,,smt
C2,1,0.1uf,C_0805_2012Metric,,,smt
C3,1,1uf,C_0805_2012Metric,,,smt
C4,1,2.2uf,C_0805_2012Metric,,,smt
"D1, D10, D2, D3, D4, D5, D6, D7, D8, D9",10,G-LED,LED_1206_3216Metric_Pad1.42x1.75mm_HandSolder,,,smt
"D11, D12",2,R-LED,LED_1206_3216Metric_Pad1.42x1.75mm_HandSolder,,,smt
"D13, D14, D17, D18",4,B-LED,LED_1206_3216Metric_Pad1.42x1.75mm_HandSolder,,,smt
"D15, D16",2,Y-LED,LED_1206_3216Metric_Pad1.42x1.75mm_HandSolder,,,smt
"J1, J2",2,Conn_01x01_Female,TestPoint_Pad_1.0x1.0mm,,,tht
JP1,1,Jumper,SolderJumper-2_P1.3mm_Open_Pad1.0x1.5mm,,,tht
"R1, R2",2,10K,R_0805_2012Metric_Pad1.15x1.40mm_HandSolder,,,smt
"R10, R9",2,47k,R_0805_2012Metric_Pad1.15x1.40mm_HandSolder,,,smt
"R11, R12, R13, R14, R15, R16, R17, R18, R19, R20, R21, R22, R4, R5, R6, R7, R8",17,160,R_0805_2012Metric_Pad1.15x1.40mm_HandSolder,,,smt
R3,1,22,R_0805_2012Metric_Pad1.15x1.40mm_HandSolder,,,smt
U1,1,BME680,BME680,,BME680,smt
U2,1,74HC595,SOIC-16_3.9x9.9mm_P1.27mm,,,smt
U3,1,AMG8833,SMD-14_Grideye,,AMG8833,smt
